1,images/bellethegreatdane.jpg,Belle,great_dane
2,images/birminghamthenewfoundland.jpg,Birmingham,newfoundland
3,images/hoochthemastiff.JPG,Hooch,mastiff
4,images/kikithenewfoundland.jpg,Kiki,newfoundland
5,images/mollythegreatpyrenees.jpg,Molly,great_pyrenees
6,images/mongothemastiff.JPG,Mongo,mastiff
7,images/olliethegreatdane.JPG,Ollie,great_dane
8,images/sipseythenewfoundland.jpg,Sipsey,newfoundland
9,images/branchthenewfoundland.jpeg,Branch,newfoundland
10,images/dukeiithenewfoundland.jpeg,Duke II,newfoundland
11,images/daisythemastiff.jpg,Daisy,mastiff
12,images/magnusthemastiff.jpg,Magnus,mastiff
13,images/chasethegreatpyrenees.jpeg,Chase,great_pyrenees
14,images/tankthegreatpyrenees.jpg,Tank,great_pyrenees
15,images/juliathegreatdane.JPG,Julia,great_dane
16,images/georgethegreatdane.JPG,George,great_dane
17,images/charliethesaintbernard.jpg,Charlie,stbernard
18,images/queeniethesaintbernard.jpg,Queenie,stbernard
29,images/biggunthemastiff.jpg,Biggun,mastiff
20,images/autumnthesaintbernard.jpg,Autumn,stbernard
21,images/mackthesaintbernard.jpg,Mack,stbernard
22,images/milothegreatdane.jpg,Milo,great_dane
23,images/moosethesaintbernard.jpg,Moose,stbernard
24,images/bodethegreatpyrenees.jpg,Bode,great_pyrenees